{"inputUnits":[63],"outputUnits":21,"inputs":{"0x":{"dtype":"number","min":-0.028971318155527115,"max":0.09756016731262207},"0y":{"dtype":"number","min":-0.061292827129364014,"max":0.09843944013118744},"0z":{"dtype":"number","min":-0.034027099609375,"max":0.1165771484375},"1x":{"dtype":"number","min":-0.04772089794278145,"max":0.07292001694440842},"1y":{"dtype":"number","min":-0.040403228253126144,"max":0.07723582535982132},"1z":{"dtype":"number","min":-0.032867431640625,"max":0.07598876953125},"2x":{"dtype":"number","min":-0.06327297538518906,"max":0.06279096752405167},"2y":{"dtype":"number","min":-0.04195413365960121,"max":0.07274846732616425},"2z":{"dtype":"number","min":-0.02838134765625,"max":0.050262451171875},"3x":{"dtype":"number","min":-0.08296479284763336,"max":0.07807108014822006},"3y":{"dtype":"number","min":-0.06496742367744446,"max":0.0873359739780426},"3z":{"dtype":"number","min":-0.03131103515625,"max":0.0733642578125},"4x":{"dtype":"number","min":-0.10800577700138092,"max":0.091239795088768},"4y":{"dtype":"number","min":-0.08825031667947769,"max":0.11117365956306458},"4z":{"dtype":"number","min":-0.05377197265625,"max":0.11199951171875},"5x":{"dtype":"number","min":-0.031913142651319504,"max":0.027856877073645592},"5y":{"dtype":"number","min":-0.020716236904263496,"max":0.03200767934322357},"5z":{"dtype":"number","min":-0.009063720703125,"max":0.032440185546875},"6x":{"dtype":"number","min":-0.04987024515867233,"max":0.03419169411063194},"6y":{"dtype":"number","min":-0.04674988240003586,"max":0.0371464267373085},"6z":{"dtype":"number","min":-0.035552978515625,"max":0.029693603515625},"7x":{"dtype":"number","min":-0.06350426375865936,"max":0.03922782465815544},"7y":{"dtype":"number","min":-0.06949456036090851,"max":0.048368796706199646},"7z":{"dtype":"number","min":-0.055328369140625,"max":0.04986572265625},"8x":{"dtype":"number","min":-0.08728376030921936,"max":0.04174571484327316},"8y":{"dtype":"number","min":-0.08872529864311218,"max":0.06900077313184738},"8z":{"dtype":"number","min":-0.10003662109375,"max":0.06744384765625},"9x":{"dtype":"number","min":-0.007355439011007547,"max":0.004113420378416777},"9y":{"dtype":"number","min":-0.007519712671637535,"max":0.006589360535144806},"9z":{"dtype":"number","min":-0.00545501708984375,"max":0.010101318359375},"10x":{"dtype":"number","min":-0.0446879006922245,"max":0.025311952456831932},"10y":{"dtype":"number","min":-0.05001375451683998,"max":0.03308461979031563},"10z":{"dtype":"number","min":-0.039031982421875,"max":0.024200439453125},"11x":{"dtype":"number","min":-0.06701377034187317,"max":0.03825809806585312},"11y":{"dtype":"number","min":-0.07166256755590439,"max":0.05951276794075966},"11z":{"dtype":"number","min":-0.0733642578125,"max":0.0518798828125},"12x":{"dtype":"number","min":-0.09139522165060043,"max":0.052362293004989624},"12y":{"dtype":"number","min":-0.09792695939540863,"max":0.08916961401700974},"12z":{"dtype":"number","min":-0.1102294921875,"max":0.07244873046875},"13x":{"dtype":"number","min":-0.018138444051146507,"max":0.020705359056591988},"13y":{"dtype":"number","min":-0.021943334490060806,"max":0.013203087262809277},"13z":{"dtype":"number","min":-0.0221405029296875,"max":0.005352020263671875},"14x":{"dtype":"number","min":-0.032786350697278976,"max":0.024243151769042015},"14y":{"dtype":"number","min":-0.0407482273876667,"max":0.027878697961568832},"14z":{"dtype":"number","min":-0.037933349609375,"max":0.0236053466796875},"15x":{"dtype":"number","min":-0.057982780039310455,"max":0.03219543397426605},"15y":{"dtype":"number","min":-0.06537757068872452,"max":0.05384422838687897},"15z":{"dtype":"number","min":-0.0626220703125,"max":0.04541015625},"16x":{"dtype":"number","min":-0.08428476005792618,"max":0.03089009039103985},"16y":{"dtype":"number","min":-0.09155106544494629,"max":0.07688488066196442},"16z":{"dtype":"number","min":-0.09210205078125,"max":0.06658935546875},"17x":{"dtype":"number","min":-0.03728020563721657,"max":0.040551070123910904},"17y":{"dtype":"number","min":-0.038532327860593796,"max":0.033967748284339905},"17z":{"dtype":"number","min":-0.04534912109375,"max":0.0245208740234375},"18x":{"dtype":"number","min":-0.044542983174324036,"max":0.049556415528059006},"18y":{"dtype":"number","min":-0.051867641508579254,"max":0.036986514925956726},"18z":{"dtype":"number","min":-0.0477294921875,"max":0.031036376953125},"19x":{"dtype":"number","min":-0.060878314077854156,"max":0.059378258883953094},"19y":{"dtype":"number","min":-0.06472404301166534,"max":0.044752687215805054},"19z":{"dtype":"number","min":-0.058441162109375,"max":0.05401611328125},"20x":{"dtype":"number","min":-0.07396873831748962,"max":0.06574558466672897},"20y":{"dtype":"number","min":-0.07138390839099884,"max":0.06383699923753738},"20z":{"dtype":"number","min":-0.072998046875,"max":0.0673828125}},"outputs":{"gesture":{"dtype":"string","min":0,"max":1,"uniqueValues":["GESTURE_1","GESTURE_2","GESTURE_3","GESTURE_4","GESTURE_5","GESTURE_6","GESTURE_7","GESTURE_8","GESTURE_9","GESTURE_10","GESTURE_11","GESTURE_12","GESTURE_13","GESTURE_14","GESTURE_15","GESTURE_16","GESTURE_17","GESTURE_18","GESTURE_19","GESTURE_20","GESTURE_21"],"legend":{"GESTURE_1":[1,0,0,0,0,0,0,0,0,0,0,0,0,0,0,0,0,0,0,0,0],"GESTURE_2":[0,1,0,0,0,0,0,0,0,0,0,0,0,0,0,0,0,0,0,0,0],"GESTURE_3":[0,0,1,0,0,0,0,0,0,0,0,0,0,0,0,0,0,0,0,0,0],"GESTURE_4":[0,0,0,1,0,0,0,0,0,0,0,0,0,0,0,0,0,0,0,0,0],"GESTURE_5":[0,0,0,0,1,0,0,0,0,0,0,0,0,0,0,0,0,0,0,0,0],"GESTURE_6":[0,0,0,0,0,1,0,0,0,0,0,0,0,0,0,0,0,0,0,0,0],"GESTURE_7":[0,0,0,0,0,0,1,0,0,0,0,0,0,0,0,0,0,0,0,0,0],"GESTURE_8":[0,0,0,0,0,0,0,1,0,0,0,0,0,0,0,0,0,0,0,0,0],"GESTURE_9":[0,0,0,0,0,0,0,0,1,0,0,0,0,0,0,0,0,0,0,0,0],"GESTURE_10":[0,0,0,0,0,0,0,0,0,1,0,0,0,0,0,0,0,0,0,0,0],"GESTURE_11":[0,0,0,0,0,0,0,0,0,0,1,0,0,0,0,0,0,0,0,0,0],"GESTURE_12":[0,0,0,0,0,0,0,0,0,0,0,1,0,0,0,0,0,0,0,0,0],"GESTURE_13":[0,0,0,0,0,0,0,0,0,0,0,0,1,0,0,0,0,0,0,0,0],"GESTURE_14":[0,0,0,0,0,0,0,0,0,0,0,0,0,1,0,0,0,0,0,0,0],"GESTURE_15":[0,0,0,0,0,0,0,0,0,0,0,0,0,0,1,0,0,0,0,0,0],"GESTURE_16":[0,0,0,0,0,0,0,0,0,0,0,0,0,0,0,1,0,0,0,0,0],"GESTURE_17":[0,0,0,0,0,0,0,0,0,0,0,0,0,0,0,0,1,0,0,0,0],"GESTURE_18":[0,0,0,0,0,0,0,0,0,0,0,0,0,0,0,0,0,1,0,0,0],"GESTURE_19":[0,0,0,0,0,0,0,0,0,0,0,0,0,0,0,0,0,0,1,0,0],"GESTURE_20":[0,0,0,0,0,0,0,0,0,0,0,0,0,0,0,0,0,0,0,1,0],"GESTURE_21":[0,0,0,0,0,0,0,0,0,0,0,0,0,0,0,0,0,0,0,0,1]}}},"isNormalized":true}